Response,Age,Job,Marital Status,Education,balance,housing,loan
yes,59,retired,married,secondary,49,no,yes
yes,31,services,married,tertiary,90,no,yes
yes,47,management,married,primary,145,no,yes
yes,45,unemployed,divorced,primary,249,yes,yes
yes,36,management,single,tertiary,559,yes,no
yes,48,services,married,primary,583,yes,no
yes,49,technician,divorced,secondary,757,yes,yes
yes,57,retired,married,primary,1480,yes,no
yes,40,technician,married,secondary,34,yes,no
yes,34,unemployed,divorced,tertiary,75,yes,no
yes,34,technician,single,secondary,264,no,no
yes,42,technician,single,secondary,1129,yes,no
yes,44,bluecollar,divorced,primary,119,yes,no
yes,36,bluecollar,married,secondary,2,no,no
yes,55,unemployed,married,secondary,1108,yes,yes
yes,31,bluecollar,single,secondary,575,yes,no
yes,44,management,divorced,tertiary,411,yes,no
yes,30,services,single,secondary,0,no,yes
yes,55,technician,married,secondary,308,no,no
yes,31,technician,single,secondary,25,no,no
yes,27,management,single,tertiary,1414,yes,no
yes,43,management,married,secondary,16,no,no
yes,48,bluecollar,divorced,secondary,535,yes,no
yes,45,admin,married,secondary,1,no,no
yes,40,bluecollar,married,secondary,231,yes,no
yes,55,admin,single,secondary,986,no,yes
yes,32,services,married,secondary,790,yes,no
yes,38,management,married,tertiary,562,yes,no
yes,30,admin,married,secondary,938,yes,no
yes,25,bluecollar,married,primary,589,yes,no
yes,40,selfemployed,married,secondary,754,yes,yes
yes,37,bluecollar,married,secondary,399,yes,yes
yes,31,technician,married,tertiary,859,yes,no
yes,26,bluecollar,single,secondary,36,yes,no
yes,23,bluecollar,single,secondary,207,yes,no
yes,30,bluecollar,married,secondary,18,no,no
yes,28,technician,single,secondary,298,yes,no
yes,55,unknown,married,secondary,208,yes,no
yes,44,unemployed,married,secondary,505,yes,no
yes,45,technician,divorced,unknown,25,no,yes
yes,53,services,divorced,secondary,0,no,yes
yes,31,selfemployed,married,secondary,0,no,yes
yes,43,bluecollar,married,secondary,128,yes,no
yes,33,bluecollar,married,secondary,266,yes,yes
yes,42,services,single,secondary,58,no,no
yes,36,bluecollar,married,secondary,13,no,yes
yes,58,entrepreneur,single,tertiary,6162,no,yes
yes,34,bluecollar,single,secondary,60,no,no
yes,28,bluecollar,single,secondary,0,yes,no
yes,21,bluecollar,single,secondary,59,yes,yes
yes,30,admin,single,secondary,242,no,no
yes,21,bluecollar,married,primary,426,no,no
yes,27,management,single,tertiary,713,yes,no
yes,29,selfemployed,married,tertiary,1083,yes,no
yes,29,bluecollar,married,primary,303,yes,yes
yes,26,bluecollar,married,secondary,82,yes,no
yes,29,admin,divorced,secondary,489,yes,no
yes,35,admin,married,secondary,0,no,yes
yes,53,technician,divorced,secondary,63,no,yes
yes,50,management,married,tertiary,37,no,no
yes,60,entrepreneur,married,unknown,284,yes,yes
yes,45,selfemployed,divorced,tertiary,75,yes,yes
yes,59,management,divorced,tertiary,0,no,no
yes,46,bluecollar,divorced,primary,17,no,yes
yes,42,management,married,tertiary,0,yes,no
yes,54,retired,divorced,secondary,200,no,yes
yes,32,entrepreneur,single,primary,849,yes,yes
yes,37,technician,married,secondary,143,yes,no
yes,30,admin,married,secondary,23,no,yes
yes,34,management,married,tertiary,30,yes,no
yes,32,bluecollar,married,primary,148,yes,no
yes,42,entrepreneur,divorced,tertiary,2,yes,no
yes,55,services,divorced,secondary,1,yes,no
yes,51,admin,single,secondary,2,no,no
yes,29,selfemployed,married,tertiary,0,yes,yes
yes,40,bluecollar,married,primary,11,yes,yes
yes,43,entrepreneur,married,tertiary,250,no,no
yes,37,technician,divorced,secondary,325,yes,yes
yes,53,management,married,tertiary,0,no,yes
yes,47,bluecollar,married,primary,0,no,no
yes,56,housemaid,divorced,primary,1238,no,no
yes,39,bluecollar,divorced,primary,294,yes,no
yes,30,technician,married,secondary,1019,yes,no
yes,39,selfemployed,divorced,secondary,103,no,yes
yes,59,retired,married,primary,1,no,no
yes,48,management,married,tertiary,4,no,no
yes,42,management,married,secondary,34,no,no
yes,30,services,single,primary,81,yes,no
yes,50,bluecollar,married,secondary,812,no,yes
yes,47,selfemployed,married,secondary,2,no,no
yes,35,bluecollar,single,secondary,947,yes,no
yes,31,management,divorced,tertiary,10,yes,yes
yes,29,technician,single,secondary,368,yes,no
no,58,management,married,tertiary,2143,yes,no
no,44,technician,single,secondary,29,yes,no
no,33,entrepreneur,married,secondary,2,yes,yes
no,47,bluecollar,married,unknown,1506,yes,no
no,33,unknown,single,unknown,1,no,no
no,35,management,married,tertiary,231,yes,no
no,28,management,single,tertiary,447,yes,yes
no,58,retired,married,primary,121,yes,no
no,43,technician,single,secondary,593,yes,no
no,41,admin,divorced,secondary,270,yes,no
no,29,admin,single,secondary,390,yes,no
no,53,technician,married,secondary,6,yes,no
no,58,technician,married,unknown,71,yes,no
no,57,services,married,secondary,162,yes,no
no,51,retired,married,primary,229,yes,no
no,45,admin,single,unknown,13,yes,no
no,57,bluecollar,married,primary,52,yes,no
no,60,retired,married,primary,60,yes,no
no,33,services,married,secondary,0,yes,no
no,28,bluecollar,married,secondary,723,yes,yes
no,56,management,married,tertiary,779,yes,no
no,32,bluecollar,single,primary,23,yes,yes
no,25,services,married,secondary,50,yes,no
no,40,retired,married,primary,0,yes,yes
no,44,admin,married,secondary,372,yes,no
no,39,management,single,tertiary,255,yes,no
no,52,entrepreneur,married,secondary,113,yes,yes
no,46,management,single,secondary,246,yes,no
no,36,technician,single,secondary,265,yes,yes
no,57,technician,married,secondary,839,no,yes
no,49,management,married,tertiary,378,yes,no
no,60,admin,married,secondary,39,yes,yes
no,59,bluecollar,married,secondary,0,yes,no
no,51,management,married,tertiary,10635,yes,no
no,57,technician,divorced,secondary,63,yes,no
no,25,bluecollar,married,secondary,7,yes,no
no,53,technician,married,secondary,3,no,no
no,36,admin,divorced,secondary,506,yes,no
no,37,admin,single,secondary,0,yes,no
no,44,services,divorced,secondary,2586,yes,no
no,50,management,married,secondary,49,yes,no
no,60,bluecollar,married,unknown,104,yes,no
no,54,retired,married,secondary,529,yes,no
no,58,retired,married,unknown,96,yes,no
no,36,admin,single,primary,171,yes,no
no,58,selfemployed,married,tertiary,364,yes,no
no,44,technician,married,secondary,0,yes,no
no,55,technician,divorced,secondary,0,no,no
no,29,management,single,tertiary,0,yes,no
no,54,bluecollar,married,secondary,1291,yes,no
no,48,management,divorced,tertiary,244,yes,no
no,32,management,married,tertiary,0,yes,no
no,42,admin,single,secondary,76,yes,no
no,24,technician,single,secondary,103,yes,yes
no,38,entrepreneur,single,tertiary,243,no,yes
no,38,management,single,tertiary,424,yes,no
no,47,bluecollar,married,unknown,306,yes,no
no,40,bluecollar,single,unknown,24,yes,no
no,46,services,married,primary,179,yes,no
no,32,admin,married,tertiary,0,yes,no
no,53,technician,divorced,secondary,989,yes,no
no,57,bluecollar,married,primary,249,yes,no
no,33,services,married,secondary,790,yes,no
no,49,bluecollar,married,unknown,154,yes,no
no,51,management,married,tertiary,6530,yes,no
no,60,retired,married,tertiary,100,no,no
no,59,management,divorced,tertiary,59,yes,no
no,55,technician,married,secondary,1205,yes,no
no,35,bluecollar,single,secondary,12223,yes,yes
no,57,bluecollar,married,secondary,5935,yes,yes
no,31,services,married,secondary,25,yes,yes
no,54,management,married,secondary,282,yes,yes
no,55,bluecollar,married,primary,23,yes,no
no,43,technician,married,secondary,1937,yes,no
no,53,technician,married,secondary,384,yes,no
no,44,bluecollar,married,secondary,582,no,yes
no,55,services,divorced,secondary,91,no,no
no,49,services,divorced,secondary,0,yes,yes
no,45,admin,single,secondary,206,yes,no
no,47,services,divorced,secondary,164,no,no
no,42,technician,single,secondary,690,yes,no
no,59,admin,married,secondary,2343,yes,no
no,46,selfemployed,married,tertiary,137,yes,yes
no,51,bluecollar,married,primary,173,yes,no
no,56,admin,married,secondary,45,no,no
no,41,technician,married,secondary,1270,yes,no
no,46,management,divorced,secondary,16,yes,yes
no,57,retired,married,secondary,486,yes,no
no,42,management,single,secondary,50,no,no
no,30,technician,married,secondary,152,yes,yes
no,60,admin,married,secondary,290,yes,no
no,60,bluecollar,married,unknown,54,yes,no
no,57,entrepreneur,divorced,secondary,37,no,no
no,36,management,married,tertiary,101,yes,yes
no,55,bluecollar,married,secondary,383,no,no
no,60,retired,married,tertiary,81,yes,no
no,39,technician,married,secondary,0,yes,no
no,46,management,married,tertiary,229,yes,no
no,44,bluecollar,married,secondary,674,yes,no
no,53,bluecollar,married,primary,90,no,no
no,52,bluecollar,married,primary,128,yes,no
no,59,bluecollar,married,primary,179,yes,no
no,27,technician,single,tertiary,0,yes,no
no,44,bluecollar,married,secondary,54,yes,no
no,47,technician,married,tertiary,151,yes,no
no,34,admin,married,secondary,61,no,yes
no,59,retired,single,secondary,30,yes,no
no,45,management,married,tertiary,523,yes,no
no,29,services,divorced,secondary,31,yes,no
no,46,technician,divorced,secondary,79,no,no
no,56,selfemployed,married,primary,34,yes,yes
no,36,bluecollar,married,primary,448,yes,no
no,59,retired,divorced,primary,81,yes,no
no,44,bluecollar,married,secondary,144,yes,no
no,41,admin,married,secondary,351,yes,no
no,33,management,single,tertiary,67,yes,no
no,59,management,divorced,tertiary,262,no,no
no,57,technician,married,primary,0,no,no
no,56,technician,divorced,unknown,56,yes,no
no,51,bluecollar,married,secondary,26,yes,no
no,34,admin,married,unknown,3,yes,no
no,43,services,married,secondary,41,yes,yes
no,52,technician,married,tertiary,7,no,yes
no,33,technician,single,secondary,105,yes,no
no,29,admin,single,secondary,818,yes,yes
no,34,services,married,secondary,16,yes,yes
no,31,bluecollar,married,secondary,0,yes,no
no,55,services,married,secondary,2476,yes,no
no,55,management,married,unknown,1185,no,no
no,32,admin,single,secondary,217,yes,no
no,38,technician,single,secondary,1685,yes,no
no,55,admin,single,secondary,802,yes,yes
no,28,unemployed,single,tertiary,0,yes,no
no,23,bluecollar,married,secondary,94,yes,no
no,32,technician,single,secondary,0,yes,no
no,43,services,single,unknown,0,no,no
no,32,bluecollar,married,secondary,517,yes,no
no,46,bluecollar,married,secondary,265,yes,no
no,53,housemaid,divorced,primary,947,yes,no
no,34,selfemployed,single,secondary,3,yes,no
no,57,unemployed,married,tertiary,42,no,no
no,37,bluecollar,married,secondary,37,yes,no
no,59,bluecollar,married,secondary,57,yes,no
no,33,services,married,secondary,22,yes,no
no,56,bluecollar,divorced,primary,8,yes,no
no,48,unemployed,married,secondary,293,yes,no
no,43,services,married,primary,3,yes,no
no,54,bluecollar,married,primary,348,yes,no
no,51,bluecollar,married,unknown,19,yes,no
no,26,student,single,secondary,0,yes,no
no,40,management,married,tertiary,4,yes,no
no,39,management,married,secondary,18,yes,no
no,50,technician,married,primary,139,no,no
no,41,services,married,secondary,0,yes,no
no,51,bluecollar,married,unknown,1883,yes,no
no,60,retired,divorced,secondary,216,yes,no
no,52,bluecollar,married,secondary,782,yes,no
no,48,bluecollar,married,secondary,904,yes,no
no,48,services,married,unknown,1705,yes,no
no,39,technician,single,tertiary,47,yes,no
no,47,services,single,secondary,176,yes,no
no,40,bluecollar,married,secondary,1225,yes,no
no,45,technician,married,secondary,86,yes,no
no,26,admin,single,secondary,82,yes,no
no,52,management,married,tertiary,271,yes,no
no,54,technician,married,secondary,1378,yes,no
no,54,admin,married,tertiary,184,no,no
no,50,bluecollar,married,primary,0,no,no
no,35,bluecollar,married,secondary,0,yes,no
no,44,services,married,secondary,1357,yes,yes
no,53,entrepreneur,married,unknown,19,yes,no
no,35,retired,single,primary,434,no,no
no,60,admin,divorced,secondary,92,yes,no
no,53,admin,divorced,secondary,1151,yes,no
no,48,unemployed,married,secondary,41,yes,no
no,34,technician,married,secondary,51,yes,no
no,54,services,married,secondary,214,yes,no
no,51,management,married,secondary,1161,yes,no
no,31,services,married,tertiary,37,yes,no
no,35,technician,divorced,secondary,787,yes,no
no,35,services,married,secondary,59,yes,no
no,38,technician,married,secondary,253,yes,no
no,36,admin,married,tertiary,211,yes,no
no,58,retired,married,primary,235,yes,no
no,40,services,divorced,unknown,4384,yes,no
no,54,management,married,secondary,4080,no,no
no,34,bluecollar,single,secondary,53,yes,yes
no,31,management,single,tertiary,0,yes,no
no,51,retired,married,secondary,2127,yes,no
no,33,management,married,tertiary,377,yes,no
no,55,management,married,tertiary,73,yes,no
no,42,admin,married,secondary,445,yes,no
no,34,bluecollar,married,secondary,243,yes,no
no,33,bluecollar,single,secondary,307,yes,no
no,38,services,married,secondary,155,yes,no
no,50,technician,divorced,tertiary,173,no,yes
no,43,management,married,tertiary,400,yes,no
no,61,bluecollar,divorced,primary,1428,yes,no
no,47,admin,married,secondary,219,yes,no
no,48,selfemployed,married,tertiary,7,yes,no
no,44,bluecollar,married,secondary,575,yes,no
no,35,student,single,unknown,298,yes,no
no,35,services,married,secondary,0,yes,no
no,50,services,married,secondary,5699,yes,no
no,41,management,married,tertiary,176,yes,yes
no,41,management,married,tertiary,517,yes,no
no,39,services,single,unknown,257,yes,no
no,42,retired,married,secondary,56,yes,no
no,38,bluecollar,married,secondary,390,yes,no
no,53,retired,married,secondary,330,yes,no
no,59,housemaid,divorced,primary,195,no,no
no,36,services,married,secondary,301,yes,no
no,54,bluecollar,married,primary,41,yes,no
no,40,technician,married,tertiary,483,yes,no
no,47,unknown,married,unknown,28,no,no
no,53,unemployed,married,unknown,13,no,no
no,46,housemaid,married,primary,965,no,no
no,39,management,married,tertiary,378,yes,yes
no,40,unemployed,married,secondary,219,yes,no
no,28,bluecollar,married,primary,324,yes,no
no,35,entrepreneur,divorced,secondary,69,yes,no
no,55,retired,married,secondary,0,no,yes
no,43,technician,divorced,unknown,205,yes,no
no,48,bluecollar,married,primary,278,yes,no
no,58,management,married,unknown,1065,yes,no
no,33,management,single,tertiary,34,yes,no
no,36,bluecollar,married,unknown,1033,no,no
no,53,services,divorced,secondary,1467,yes,no
no,47,bluecollar,married,primary,12,yes,no
no,31,services,married,secondary,388,yes,no
no,57,entrepreneur,married,secondary,294,yes,no
no,53,bluecollar,married,unknown,1827,no,no
no,55,bluecollar,married,primary,627,yes,no
no,45,bluecollar,married,primary,25,yes,no
no,53,admin,divorced,secondary,315,yes,no
no,37,bluecollar,married,primary,0,yes,no
no,44,admin,divorced,secondary,66,yes,no
no,49,bluecollar,divorced,primary,9,yes,yes
no,46,technician,married,secondary,349,yes,yes
no,43,entrepreneur,married,unknown,100,yes,no
no,38,admin,married,secondary,0,no,no
no,43,technician,married,secondary,434,yes,no
no,49,management,married,tertiary,3237,yes,no
no,42,management,married,unknown,275,no,no
no,22,bluecollar,single,secondary,0,yes,no
no,40,management,married,tertiary,207,yes,no
no,39,bluecollar,married,secondary,483,yes,no
no,51,services,married,secondary,2248,yes,no
no,49,admin,married,secondary,428,yes,no
no,53,bluecollar,married,secondary,0,yes,yes
no,34,services,single,secondary,0,yes,no
no,33,technician,divorced,secondary,140,yes,no
no,50,management,single,tertiary,297,yes,no
no,39,bluecollar,married,primary,279,yes,no
no,59,entrepreneur,divorced,secondary,901,yes,no
no,30,technician,single,secondary,2573,yes,no
no,36,services,married,secondary,143,yes,yes
no,40,bluecollar,married,secondary,475,yes,no
no,53,bluecollar,married,secondary,70,yes,no
no,34,management,single,tertiary,318,yes,no
no,37,technician,married,secondary,275,yes,no
no,42,management,divorced,tertiary,742,yes,no
no,41,entrepreneur,married,primary,236,yes,no
no,30,student,single,tertiary,25,yes,no
no,37,management,single,tertiary,600,yes,no
no,39,admin,divorced,secondary,349,yes,no
no,41,bluecollar,married,primary,183,yes,yes
no,40,bluecollar,married,primary,0,yes,no
no,42,management,single,tertiary,0,yes,yes
no,40,bluecollar,divorced,primary,0,yes,no
no,57,technician,married,secondary,1078,yes,no
no,56,entrepreneur,divorced,secondary,155,no,no
no,37,admin,married,secondary,190,yes,no
no,59,retired,married,secondary,319,yes,no
no,39,services,divorced,secondary,185,yes,no
no,49,services,married,secondary,47,no,no
no,38,services,single,secondary,570,yes,no
no,36,selfemployed,married,tertiary,19,no,no
no,50,bluecollar,married,primary,61,yes,no
no,41,admin,married,secondary,62,yes,yes
no,54,technician,married,tertiary,258,no,no
no,58,bluecollar,married,primary,76,yes,no
no,30,bluecollar,single,secondary,0,yes,no
no,33,admin,single,secondary,352,yes,no
no,47,admin,married,secondary,368,yes,no
no,50,technician,single,tertiary,339,yes,no
no,32,bluecollar,married,secondary,1331,yes,no
no,40,selfemployed,married,secondary,672,yes,no
no,37,management,married,tertiary,58,yes,no
no,54,technician,single,unknown,447,yes,no
no,24,student,single,secondary,423,yes,no
no,54,management,married,tertiary,0,no,no
no,34,technician,married,secondary,19,yes,no
no,56,technician,divorced,primary,13,yes,no
no,31,bluecollar,single,secondary,3,yes,no
no,24,student,single,secondary,82,yes,no
no,42,bluecollar,divorced,primary,28,yes,no
no,57,technician,married,secondary,792,yes,no
no,42,bluecollar,married,unknown,408,yes,no
no,51,admin,married,secondary,531,yes,no
no,57,retired,married,secondary,211,yes,no
no,36,services,single,secondary,62,yes,no
no,53,services,married,unknown,257,yes,no
no,50,technician,married,secondary,1234,yes,no
no,54,management,married,tertiary,313,yes,no
no,55,bluecollar,married,secondary,89,yes,no
no,44,bluecollar,married,secondary,129,yes,yes
no,43,management,married,unknown,0,yes,no
no,56,admin,married,secondary,353,yes,no
no,54,technician,married,unknown,851,yes,no
no,55,services,divorced,primary,96,yes,yes
no,37,services,divorced,secondary,398,yes,yes
no,33,admin,single,tertiary,193,no,no
no,46,admin,married,secondary,358,yes,no
no,36,bluecollar,married,secondary,539,yes,yes
no,51,technician,single,secondary,0,yes,no
no,40,retired,single,primary,0,no,no
no,42,bluecollar,married,secondary,490,yes,no
no,51,bluecollar,married,secondary,0,yes,no
no,49,bluecollar,married,unknown,403,yes,no
no,48,management,married,secondary,161,yes,no
no,32,technician,divorced,tertiary,2558,no,no
no,31,admin,single,secondary,98,yes,no
no,55,management,single,tertiary,115,no,no
no,40,bluecollar,single,secondary,436,yes,no
no,47,technician,married,tertiary,831,yes,no
no,57,technician,married,unknown,206,yes,no
no,41,bluecollar,married,secondary,290,yes,no
no,48,bluecollar,married,secondary,1,no,no
no,42,bluecollar,married,unknown,57,yes,no
no,30,bluecollar,single,secondary,457,yes,no
no,58,management,single,tertiary,1387,yes,no
no,45,management,divorced,tertiary,24598,yes,no
no,49,bluecollar,married,secondary,30,yes,no
no,42,admin,single,secondary,1022,yes,no
no,53,technician,married,secondary,56,yes,yes
no,32,services,single,secondary,121,yes,no
no,41,bluecollar,single,secondary,842,yes,no
no,43,management,divorced,secondary,693,yes,no
no,40,bluecollar,divorced,secondary,333,yes,no
no,50,bluecollar,married,primary,1533,yes,no
no,34,management,married,tertiary,46,yes,no
no,53,services,married,unknown,18,no,no
no,45,technician,married,secondary,44,yes,no
no,39,bluecollar,married,primary,100,yes,no
no,44,services,married,tertiary,510,yes,no
no,55,management,married,tertiary,685,yes,no
no,46,management,single,tertiary,187,yes,no
no,45,bluecollar,married,secondary,66,yes,no
no,34,admin,married,secondary,560,yes,no
no,36,bluecollar,married,secondary,0,yes,no
no,59,unknown,divorced,unknown,27,no,no
no,31,admin,single,secondary,12,yes,no
no,44,bluecollar,single,secondary,34,yes,no
no,33,entrepreneur,single,tertiary,1068,yes,no
no,40,bluecollar,married,secondary,211,yes,no
no,46,admin,single,tertiary,377,yes,no
no,48,management,married,tertiary,263,yes,no
yes,33,technician,married,secondary,72,yes,no
yes,33,bluecollar,single,secondary,60,no,no
yes,60,retired,married,secondary,15,no,no
yes,35,entrepreneur,married,secondary,204,yes,no
yes,41,bluecollar,single,primary,137,yes,yes
yes,54,services,married,secondary,0,yes,no
yes,52,bluecollar,divorced,primary,183,yes,no
yes,40,bluecollar,married,primary,0,yes,no
yes,58,technician,married,primary,247,no,no
yes,28,technician,single,secondary,1042,yes,no
yes,59,retired,married,primary,488,no,yes
yes,39,selfemployed,married,secondary,571,no,no
yes,23,technician,single,secondary,150,yes,yes
yes,53,retired,divorced,secondary,200,no,yes
yes,39,entrepreneur,married,secondary,0,no,no
yes,42,technician,married,secondary,197,yes,no
yes,36,management,divorced,tertiary,36,no,no
yes,56,services,married,secondary,8,no,no
yes,43,selfemployed,married,primary,385,no,no
yes,37,technician,single,secondary,56,yes,no
yes,46,bluecollar,married,primary,575,no,no
yes,39,bluecollar,single,secondary,0,yes,yes
yes,42,entrepreneur,married,primary,66,yes,yes
yes,57,admin,divorced,secondary,435,yes,yes
yes,46,unemployed,divorced,secondary,22,no,no
yes,54,management,married,primary,0,yes,yes
yes,30,selfemployed,married,tertiary,1083,yes,no
yes,39,technician,divorced,tertiary,3,no,no
yes,25,bluecollar,single,secondary,15,yes,no
yes,33,admin,divorced,secondary,18,yes,no
yes,33,services,married,secondary,2,no,no
yes,50,admin,divorced,secondary,2405,yes,no
yes,32,bluecollar,single,secondary,206,yes,no
yes,31,bluecollar,single,unknown,17,yes,no
yes,27,bluecollar,single,secondary,233,yes,no
yes,37,bluecollar,single,primary,21,no,no
yes,32,technician,single,secondary,92,yes,no
yes,33,bluecollar,married,primary,542,yes,no
yes,37,services,married,primary,483,yes,yes
yes,44,technician,married,unknown,375,yes,yes
yes,32,admin,married,secondary,166,yes,no
no,42,services,married,secondary,1263,yes,no
no,27,services,married,secondary,8,yes,no
no,48,admin,married,secondary,126,yes,yes
no,59,admin,married,secondary,230,yes,no
no,46,technician,married,tertiary,841,yes,no
no,38,admin,divorced,secondary,308,yes,no
no,43,management,divorced,tertiary,1,yes,no
no,38,admin,divorced,tertiary,86,yes,no
no,23,student,single,secondary,157,yes,no
no,34,services,married,secondary,22,yes,no
no,38,admin,married,secondary,46,yes,yes
no,37,bluecollar,married,secondary,1293,no,no
no,25,admin,single,secondary,122,yes,no
no,48,bluecollar,married,unknown,131,yes,no
no,49,bluecollar,single,secondary,143,yes,no
no,38,admin,single,secondary,393,no,no
no,43,bluecollar,married,primary,98,yes,no
no,33,management,married,tertiary,0,yes,no
no,55,bluecollar,married,secondary,224,yes,no
no,38,bluecollar,married,secondary,757,yes,no
no,49,services,married,secondary,245,yes,yes
no,40,management,married,secondary,8486,no,no
no,43,admin,married,unknown,350,no,no
no,38,bluecollar,married,secondary,20,yes,no
no,58,services,married,secondary,1667,yes,yes
no,57,technician,married,unknown,345,yes,no
no,32,unemployed,married,secondary,10,yes,no
no,56,management,married,tertiary,830,yes,yes
no,58,bluecollar,divorced,unknown,29,yes,no
no,60,retired,divorced,secondary,545,yes,no
no,37,technician,married,tertiary,8730,yes,no
no,46,technician,divorced,tertiary,477,yes,no
no,27,admin,married,secondary,4,yes,no
no,43,bluecollar,married,secondary,1205,yes,no
no,32,technician,single,secondary,0,yes,yes
no,40,admin,single,secondary,263,yes,no
no,38,admin,married,secondary,1,no,no
no,34,bluecollar,married,secondary,283,no,yes
no,47,bluecollar,married,primary,206,yes,no
no,42,housemaid,married,primary,17,yes,no
no,48,technician,married,secondary,141,yes,yes
no,29,selfemployed,single,tertiary,16,yes,no
no,50,services,married,secondary,206,yes,no
no,52,technician,married,unknown,7,no,no
no,50,management,married,tertiary,0,no,no
no,58,retired,married,tertiary,0,no,no
no,46,bluecollar,divorced,primary,1927,yes,no
no,38,technician,married,secondary,284,yes,no
no,46,bluecollar,married,secondary,1660,yes,no
no,32,services,single,secondary,406,yes,no
no,51,bluecollar,married,primary,230,yes,no
no,39,admin,single,secondary,25,yes,no
no,48,admin,married,secondary,182,yes,no
no,36,entrepreneur,married,tertiary,1169,yes,no
no,34,admin,divorced,secondary,67,yes,no
no,40,technician,married,secondary,77,no,no
no,43,unemployed,married,secondary,0,yes,no
no,52,bluecollar,divorced,primary,55,yes,yes
no,49,management,single,tertiary,163,yes,no
no,32,management,single,tertiary,151,yes,no
no,39,admin,single,secondary,113,yes,no
no,40,bluecollar,married,secondary,0,yes,no
no,38,technician,single,tertiary,9,yes,no
no,43,management,married,secondary,375,yes,no
no,39,services,married,secondary,1142,yes,no
no,54,bluecollar,married,primary,2102,yes,no
no,38,technician,single,tertiary,4325,yes,no
no,40,bluecollar,married,secondary,217,yes,no
no,55,admin,married,secondary,131,yes,no
no,42,management,married,tertiary,1680,yes,no
no,39,bluecollar,married,secondary,0,yes,no
no,40,bluecollar,married,primary,46,yes,no
no,32,bluecollar,married,secondary,320,yes,no
no,55,admin,married,secondary,183,yes,no
no,45,bluecollar,married,secondary,39,no,no
no,35,management,single,tertiary,560,yes,no
no,58,technician,divorced,secondary,469,no,no
no,35,admin,married,secondary,530,yes,no
no,49,services,married,primary,61,yes,no
no,34,technician,single,tertiary,242,yes,no
no,36,bluecollar,married,secondary,139,yes,no
no,24,selfemployed,single,secondary,0,yes,no
no,34,technician,married,secondary,367,yes,no
no,51,admin,divorced,secondary,228,yes,no
no,39,technician,single,unknown,45248,yes,no
no,50,selfemployed,married,unknown,84,yes,no
no,32,services,single,secondary,310,yes,no
no,42,bluecollar,married,unknown,132,yes,no
no,50,technician,married,secondary,797,yes,no
no,40,services,married,secondary,71,no,no
no,46,management,divorced,unknown,2,yes,no
no,37,management,married,tertiary,231,yes,yes
no,34,bluecollar,married,secondary,270,yes,yes
no,44,bluecollar,married,secondary,274,yes,yes
no,40,admin,single,secondary,109,yes,yes
no,37,technician,married,secondary,1,yes,no
no,35,bluecollar,married,secondary,89,yes,no
no,58,bluecollar,divorced,secondary,11,no,no
no,39,bluecollar,married,primary,0,yes,no
no,43,bluecollar,married,secondary,509,yes,no
no,39,unemployed,married,primary,408,yes,no
no,36,services,single,primary,58,yes,no
no,57,retired,single,secondary,1640,no,yes
no,36,admin,single,secondary,20,yes,no
no,50,bluecollar,married,primary,71,yes,no
no,55,bluecollar,married,secondary,52,yes,no
no,44,selfemployed,married,tertiary,292,yes,no
no,44,services,divorced,secondary,424,yes,no
no,39,housemaid,single,primary,109,yes,no
no,46,bluecollar,married,unknown,1044,yes,no
no,39,bluecollar,married,secondary,983,yes,no
no,34,admin,married,secondary,869,no,no
no,40,bluecollar,married,primary,668,yes,no
no,50,management,married,tertiary,964,yes,no
no,31,management,single,secondary,301,yes,no
no,37,admin,single,secondary,140,yes,no
no,39,management,single,secondary,1877,yes,no
no,51,bluecollar,married,primary,1127,yes,no
no,41,technician,married,secondary,871,yes,no
no,41,technician,married,secondary,767,yes,yes
no,43,bluecollar,married,secondary,0,no,no
no,30,services,single,secondary,209,yes,no
no,54,management,divorced,primary,0,no,no
no,43,bluecollar,divorced,secondary,110,yes,yes
no,59,management,divorced,tertiary,76,yes,yes
no,47,technician,married,unknown,178,yes,no
no,40,bluecollar,married,primary,66,yes,no
no,32,technician,married,secondary,0,yes,no
no,29,bluecollar,married,secondary,1,yes,no
no,36,bluecollar,married,secondary,0,yes,no
no,55,unemployed,married,tertiary,5345,no,no
no,30,bluecollar,divorced,secondary,209,yes,no
no,39,admin,single,secondary,0,yes,no
no,39,bluecollar,divorced,secondary,42,yes,no
no,50,bluecollar,divorced,secondary,41,yes,no
no,44,bluecollar,married,secondary,99,yes,no
no,37,technician,single,secondary,17,yes,no
no,46,admin,married,primary,276,yes,yes
no,32,technician,single,unknown,170,no,no
no,37,management,single,tertiary,230,yes,yes
no,29,bluecollar,married,secondary,9,yes,no
no,41,bluecollar,married,secondary,946,yes,no
no,45,bluecollar,married,primary,1297,yes,no
no,57,retired,divorced,secondary,331,yes,no
no,48,bluecollar,single,secondary,44,yes,no
no,26,admin,single,secondary,712,yes,no
no,58,retired,married,secondary,5435,yes,no
no,34,admin,married,secondary,507,yes,no
no,55,unemployed,divorced,secondary,387,yes,no
no,41,bluecollar,married,primary,0,yes,yes
no,50,management,divorced,secondary,1716,yes,no
no,49,entrepreneur,married,secondary,167,yes,yes
no,44,admin,married,unknown,40,no,yes
no,44,bluecollar,married,primary,148,yes,no
no,31,technician,married,secondary,17,yes,yes
no,34,bluecollar,single,tertiary,1011,yes,no
no,46,management,single,unknown,1527,yes,no
no,42,management,married,tertiary,744,no,no
no,52,admin,married,secondary,484,yes,no
no,29,management,single,tertiary,0,yes,no
no,53,retired,married,primary,136,yes,no
no,43,bluecollar,married,secondary,1335,yes,no
no,38,management,married,secondary,517,yes,no
no,46,management,married,tertiary,459,yes,no
no,48,management,divorced,unknown,549,yes,no
no,30,admin,divorced,secondary,83,yes,yes
no,44,bluecollar,married,primary,213,no,no
no,31,housemaid,married,primary,203,yes,no
no,42,services,single,secondary,518,yes,no
no,40,management,single,tertiary,3877,yes,no
no,52,admin,married,secondary,1236,yes,no
no,45,bluecollar,divorced,secondary,756,yes,no
no,48,bluecollar,married,secondary,157,yes,no
no,45,bluecollar,married,primary,66,yes,no
no,34,bluecollar,married,unknown,245,yes,no
no,34,bluecollar,married,primary,144,yes,no
no,46,bluecollar,married,secondary,71,yes,no
no,49,services,divorced,secondary,505,yes,no
no,50,technician,married,primary,249,yes,no
no,34,admin,single,secondary,0,yes,no
no,40,unemployed,single,secondary,11,yes,no
no,36,admin,married,secondary,639,yes,no
no,59,bluecollar,divorced,unknown,124,yes,no
no,45,bluecollar,married,secondary,82,yes,no
no,36,selfemployed,married,tertiary,107,yes,no
no,56,services,married,secondary,473,yes,no
no,42,services,divorced,secondary,372,yes,yes
no,30,admin,married,secondary,46,yes,no
no,30,student,single,tertiary,34,yes,no
no,47,selfemployed,married,unknown,935,yes,no
no,33,bluecollar,married,secondary,10,yes,no
no,36,admin,married,secondary,106,yes,no
no,39,services,divorced,primary,471,yes,no
no,56,admin,divorced,secondary,778,yes,no
no,39,bluecollar,divorced,unknown,170,yes,no
no,42,technician,married,secondary,315,yes,no
no,52,bluecollar,married,secondary,3165,no,no
no,36,admin,divorced,secondary,131,yes,no
no,47,technician,married,secondary,83,yes,no
no,59,services,divorced,secondary,0,yes,yes
no,57,bluecollar,married,primary,5431,yes,yes
no,38,management,married,unknown,1759,yes,no
no,46,unemployed,married,secondary,125,yes,no
no,34,bluecollar,married,secondary,0,no,no
no,28,services,single,secondary,5090,yes,no
no,38,technician,married,unknown,573,yes,no
no,56,bluecollar,married,secondary,1602,yes,no
no,52,technician,married,unknown,0,no,no
no,54,services,married,secondary,193,no,no
no,61,retired,married,secondary,195,yes,yes
no,53,entrepreneur,married,secondary,288,no,no
no,47,technician,married,secondary,19,yes,no
no,53,bluecollar,married,primary,25,yes,no
no,46,services,married,secondary,216,yes,no
no,39,bluecollar,divorced,primary,190,yes,yes
no,56,technician,divorced,secondary,99,yes,no
no,55,services,divorced,primary,2298,yes,no
no,44,management,married,tertiary,17,yes,no
no,37,technician,married,primary,0,yes,no
no,35,bluecollar,married,primary,0,yes,no
no,55,bluecollar,married,secondary,840,yes,no
no,37,services,married,secondary,358,yes,no
no,30,technician,single,secondary,0,yes,no
no,37,bluecollar,married,primary,325,yes,yes
no,36,technician,single,secondary,15,yes,no
no,38,technician,married,secondary,581,yes,no
no,41,admin,divorced,primary,4070,yes,no
no,48,retired,married,secondary,74,no,yes
no,55,services,divorced,secondary,141,yes,no
no,28,services,divorced,secondary,89,no,no
no,30,bluecollar,married,secondary,450,no,no
no,48,technician,married,tertiary,310,no,no
no,31,selfemployed,married,secondary,0,yes,no
no,38,bluecollar,married,secondary,384,yes,no
no,37,bluecollar,married,secondary,395,yes,no
no,37,services,single,unknown,118,yes,no
no,56,bluecollar,married,primary,5,yes,yes
no,51,bluecollar,married,secondary,50,yes,yes
no,39,bluecollar,married,secondary,285,yes,yes
no,49,technician,married,unknown,15,no,no
no,51,bluecollar,married,primary,653,yes,yes
no,43,selfemployed,married,secondary,918,yes,no
no,32,services,married,secondary,243,yes,yes
no,29,technician,single,tertiary,405,yes,no
no,48,management,divorced,tertiary,1328,yes,no
no,55,services,married,primary,255,yes,no
no,53,bluecollar,married,secondary,3397,yes,no
no,47,technician,married,unknown,2106,yes,no
no,39,management,married,tertiary,2877,yes,no
no,31,bluecollar,single,tertiary,60,yes,yes
no,39,bluecollar,married,primary,2226,yes,no
no,40,bluecollar,married,primary,2880,yes,no
no,40,technician,single,unknown,5,yes,no
no,48,technician,married,secondary,147,no,no
no,33,technician,divorced,secondary,7,yes,yes
no,40,technician,married,secondary,109,yes,no
no,59,retired,married,primary,119,yes,no
no,30,technician,married,secondary,484,yes,no
no,31,management,single,tertiary,1852,yes,no
no,35,unemployed,married,secondary,533,yes,no
no,54,technician,divorced,secondary,21,yes,no
no,34,admin,single,unknown,2434,yes,no
no,32,technician,married,secondary,90,yes,yes
no,56,admin,divorced,unknown,4246,yes,no
no,32,admin,single,tertiary,395,yes,no
no,42,bluecollar,married,primary,15,yes,no
no,33,services,married,tertiary,85,no,no
no,52,entrepreneur,married,tertiary,184,yes,yes
no,52,services,married,secondary,660,no,no
no,30,unemployed,divorced,secondary,1144,yes,no
no,44,services,divorced,secondary,1,yes,no
no,35,admin,married,secondary,69,yes,yes
no,55,management,single,secondary,220,yes,no
no,33,bluecollar,married,primary,332,yes,no
no,37,bluecollar,single,secondary,240,yes,no
no,42,technician,single,secondary,0,yes,no
no,43,unemployed,married,secondary,0,yes,no
no,38,entrepreneur,married,tertiary,898,yes,no
no,37,technician,married,secondary,123,yes,yes
no,31,student,single,secondary,252,yes,no
no,41,management,married,tertiary,65,yes,no
no,41,technician,married,secondary,366,yes,yes
no,29,student,single,secondary,209,yes,no
no,38,admin,single,secondary,221,yes,no
no,44,selfemployed,divorced,tertiary,4,yes,no
no,39,admin,married,secondary,104,yes,no
no,28,technician,single,secondary,312,yes,no
no,33,bluecollar,married,secondary,349,yes,no
no,41,services,married,unknown,4,no,no
no,40,bluecollar,married,primary,322,yes,yes
no,29,admin,married,secondary,150,yes,no
no,38,management,married,unknown,1349,yes,no
no,32,admin,married,tertiary,281,yes,no
no,45,services,married,secondary,1259,yes,no
no,33,admin,single,secondary,101,yes,no
no,34,bluecollar,married,secondary,848,yes,no
no,41,entrepreneur,married,unknown,89,yes,no
no,41,bluecollar,married,secondary,140,yes,no
no,35,admin,single,secondary,148,yes,no
no,40,technician,single,secondary,200,yes,no
no,60,selfemployed,married,primary,46,yes,no
no,47,services,divorced,secondary,201,yes,no
no,46,bluecollar,married,primary,530,yes,no
no,31,bluecollar,single,secondary,0,yes,no
no,49,selfemployed,married,secondary,1,yes,no
no,29,bluecollar,married,secondary,43,yes,no
no,31,management,single,tertiary,173,yes,no
no,38,management,married,tertiary,389,yes,no
no,37,bluecollar,married,primary,215,yes,yes
no,35,technician,married,secondary,131,yes,no
no,31,management,single,secondary,783,yes,no
no,41,admin,married,secondary,0,yes,no
no,46,services,married,unknown,80,yes,no
no,40,services,divorced,secondary,105,yes,no
no,29,admin,married,secondary,182,yes,yes
no,49,admin,married,secondary,82,yes,no
no,42,management,married,tertiary,0,yes,no
no,54,services,married,secondary,510,yes,no
no,40,management,single,tertiary,242,yes,no
no,53,admin,married,secondary,244,yes,yes
no,49,management,married,tertiary,92,yes,no
no,29,student,single,secondary,948,yes,no
no,36,bluecollar,married,primary,23,yes,no
no,37,technician,married,secondary,710,yes,no
no,39,services,married,secondary,1205,yes,no
no,36,technician,married,secondary,368,yes,yes
no,44,entrepreneur,married,tertiary,1631,yes,no
no,40,admin,married,secondary,6,yes,no
no,49,bluecollar,married,secondary,26,yes,no
no,30,technician,single,unknown,48,yes,no
no,57,management,married,tertiary,2142,yes,no
no,24,services,single,secondary,77,yes,yes
no,46,bluecollar,married,unknown,401,yes,no
no,33,admin,married,secondary,21,no,no
no,43,services,divorced,secondary,0,yes,no
no,43,admin,single,secondary,497,yes,no
no,40,bluecollar,divorced,primary,369,no,no
no,44,technician,single,unknown,78,yes,no
no,35,technician,single,tertiary,226,yes,yes
no,47,technician,married,secondary,503,yes,no
no,33,bluecollar,married,secondary,372,yes,no
no,31,admin,married,secondary,0,yes,yes
no,40,bluecollar,divorced,secondary,0,yes,no
no,36,entrepreneur,married,tertiary,125,yes,no
no,56,retired,divorced,primary,4,yes,no
no,40,admin,single,unknown,419,yes,no
no,41,admin,divorced,secondary,322,yes,no
no,53,retired,married,secondary,303,yes,no
no,39,bluecollar,married,secondary,607,yes,no
no,44,bluecollar,divorced,secondary,579,yes,no
no,38,admin,married,secondary,3047,yes,no
no,54,technician,divorced,secondary,83,yes,no
no,58,management,married,tertiary,68,yes,no
no,52,bluecollar,married,primary,58,yes,no
no,28,admin,single,secondary,251,yes,no
no,36,bluecollar,married,secondary,688,yes,no
no,60,retired,married,primary,364,yes,no
no,42,services,divorced,secondary,55,yes,no
no,42,admin,married,secondary,101,yes,no
no,44,management,married,tertiary,105,yes,no
no,51,bluecollar,divorced,primary,325,yes,no
no,49,bluecollar,married,primary,198,yes,no
no,47,entrepreneur,married,unknown,209,yes,no
no,37,bluecollar,married,secondary,183,yes,no
no,34,management,married,tertiary,105,yes,no
no,35,services,married,secondary,109,yes,no
no,35,bluecollar,single,secondary,376,yes,yes
no,40,bluecollar,married,primary,7,yes,no
no,55,technician,married,secondary,0,no,no
no,55,retired,married,secondary,143,yes,no
no,35,management,single,tertiary,550,yes,no
no,57,bluecollar,married,primary,162,yes,no
no,53,management,married,tertiary,115,yes,no
no,41,bluecollar,married,primary,512,yes,no
no,57,bluecollar,married,unknown,807,yes,no
no,45,bluecollar,married,unknown,248,yes,no
no,43,bluecollar,married,primary,1211,yes,no
no,56,selfemployed,married,unknown,7,no,no
no,31,entrepreneur,married,tertiary,281,yes,no
no,37,bluecollar,single,secondary,88,yes,no
no,30,management,married,tertiary,32,yes,no
no,30,admin,single,secondary,115,yes,no
no,54,bluecollar,married,secondary,254,yes,no
no,36,management,married,tertiary,144,yes,no
no,55,unemployed,married,tertiary,383,no,no
no,37,admin,single,secondary,569,yes,yes
no,38,housemaid,married,secondary,0,yes,no
no,48,admin,married,secondary,3754,yes,no
no,55,housemaid,divorced,tertiary,6920,yes,no
no,59,services,married,secondary,307,yes,yes
no,37,technician,married,secondary,421,yes,no
no,33,bluecollar,divorced,secondary,60,no,no
no,44,bluecollar,married,primary,67,yes,no
no,57,technician,married,secondary,402,yes,no
no,30,selfemployed,single,tertiary,800,no,no
no,42,technician,married,tertiary,239,yes,yes
no,51,bluecollar,divorced,secondary,421,yes,no
yes,46,technician,married,secondary,289,no,no
yes,35,bluecollar,married,primary,0,yes,no
yes,35,bluecollar,single,unknown,532,yes,no
yes,54,management,married,tertiary,248,yes,yes
yes,37,management,single,tertiary,45,yes,no
yes,40,bluecollar,married,secondary,94,yes,yes
yes,39,bluecollar,married,secondary,345,yes,no
yes,47,bluecollar,married,secondary,5,yes,no
yes,50,bluecollar,married,primary,354,yes,no
yes,43,technician,married,secondary,313,no,yes
yes,47,bluecollar,married,primary,25,yes,yes
yes,51,selfemployed,married,secondary,34,no,yes
yes,34,bluecollar,single,primary,2,no,yes
yes,52,technician,divorced,tertiary,1014,no,yes
yes,31,housemaid,married,unknown,6,no,yes
yes,41,bluecollar,single,secondary,1085,yes,yes
yes,35,entrepreneur,married,primary,25,no,yes
yes,49,bluecollar,married,primary,354,no,yes
yes,33,bluecollar,single,primary,15,no,yes
yes,26,bluecollar,single,secondary,8019,no,yes
yes,28,unemployed,single,secondary,1270,no,yes
yes,47,bluecollar,married,secondary,594,yes,yes
yes,60,management,married,tertiary,108,no,yes
yes,40,bluecollar,married,primary,23,no,yes
yes,36,bluecollar,single,unknown,395,yes,no
yes,55,technician,divorced,secondary,284,yes,no
yes,59,admin,married,secondary,131,no,no
yes,30,technician,single,secondary,1,no,no
yes,28,bluecollar,single,secondary,87,yes,no
yes,35,bluecollar,single,secondary,177,yes,yes
yes,48,bluecollar,married,secondary,0,yes,yes
yes,30,entrepreneur,married,secondary,388,yes,no
yes,59,management,divorced,tertiary,23,yes,no
yes,37,management,divorced,tertiary,1,yes,yes
yes,34,unemployed,divorced,tertiary,530,yes,no
yes,42,bluecollar,divorced,primary,78,yes,no
yes,27,bluecollar,single,secondary,717,yes,yes
yes,32,management,divorced,tertiary,277,yes,no
yes,45,admin,married,secondary,106,yes,yes
yes,27,bluecollar,married,secondary,584,yes,no
no,44,admin,divorced,secondary,161,yes,no
no,29,student,single,secondary,110,yes,no
no,39,bluecollar,married,primary,245,yes,no
no,42,services,married,secondary,0,yes,no
no,50,bluecollar,married,primary,156,yes,no
no,42,technician,single,secondary,0,yes,no
no,39,admin,married,secondary,20,yes,no
no,55,technician,single,tertiary,92,yes,no
no,46,services,married,secondary,89,yes,no
no,42,bluecollar,married,secondary,166,yes,no
no,45,management,married,tertiary,103,yes,no
no,43,bluecollar,married,primary,454,yes,no
no,42,admin,married,secondary,445,yes,no
no,30,admin,married,secondary,4,no,no
no,47,bluecollar,married,secondary,1001,yes,no
no,51,services,divorced,secondary,69,yes,no
no,38,technician,single,secondary,42,yes,no
no,57,technician,married,unknown,1617,yes,no
no,42,management,divorced,tertiary,221,yes,no
no,32,technician,divorced,secondary,210,yes,yes
no,46,management,married,tertiary,0,no,no
no,29,student,single,tertiary,185,yes,no
no,59,retired,married,secondary,836,yes,no
no,32,bluecollar,single,secondary,301,yes,no
no,44,bluecollar,married,primary,503,yes,no
no,40,retired,married,primary,407,yes,no
no,31,bluecollar,single,secondary,53,yes,no
no,46,selfemployed,married,tertiary,2303,yes,no
no,43,management,married,tertiary,144,yes,no
no,34,services,married,secondary,205,yes,no
no,39,management,married,tertiary,305,yes,no
no,30,bluecollar,divorced,secondary,251,yes,yes
no,56,retired,married,secondary,0,yes,no
no,29,technician,married,secondary,8,no,no
no,40,bluecollar,divorced,secondary,139,yes,no
no,36,services,married,secondary,184,yes,no
no,37,bluecollar,single,secondary,238,yes,no
no,35,admin,married,secondary,0,no,no
no,47,services,married,primary,222,yes,no
no,31,services,married,secondary,414,yes,no
no,56,retired,single,primary,223,yes,no
no,57,technician,married,secondary,197,no,no
no,36,bluecollar,married,secondary,251,yes,no
no,45,selfemployed,divorced,secondary,139,yes,no
no,47,bluecollar,married,unknown,733,yes,no
no,29,technician,single,tertiary,0,yes,no
no,57,services,married,secondary,1,no,no
no,45,bluecollar,married,primary,97,yes,no
no,31,bluecollar,single,primary,435,yes,no
no,31,management,divorced,tertiary,0,yes,no
no,37,technician,single,tertiary,147,no,no
no,30,technician,single,tertiary,3,yes,no
no,58,services,divorced,secondary,1109,yes,yes
no,33,services,married,secondary,404,yes,no
no,39,bluecollar,married,primary,981,yes,no
no,33,bluecollar,single,primary,95,yes,no
no,34,services,married,secondary,302,yes,no
no,36,services,divorced,secondary,290,yes,yes
no,37,services,single,secondary,259,yes,no
no,35,bluecollar,married,secondary,527,yes,yes
no,55,retired,married,secondary,102,yes,no
no,34,management,single,tertiary,872,yes,no
no,40,management,divorced,tertiary,490,yes,no
no,42,bluecollar,single,primary,19,yes,no
no,37,bluecollar,married,secondary,16,yes,no
no,42,management,married,tertiary,386,yes,no
no,35,technician,single,secondary,539,yes,no
no,44,technician,divorced,secondary,329,yes,no
no,30,services,single,secondary,174,yes,no
no,45,entrepreneur,married,secondary,68,yes,no
no,36,admin,divorced,secondary,0,yes,no
no,49,bluecollar,married,secondary,64,yes,no
no,31,bluecollar,single,secondary,1415,yes,no
no,31,technician,single,secondary,147,yes,no
no,39,bluecollar,married,secondary,72,yes,no
no,37,services,single,secondary,196,yes,no
no,33,bluecollar,married,primary,716,yes,no
no,37,management,married,tertiary,0,yes,no
no,42,services,married,secondary,246,yes,no
no,56,bluecollar,married,secondary,203,yes,no
no,37,admin,single,secondary,245,yes,yes
no,36,services,single,secondary,342,yes,no
no,29,technician,single,tertiary,3,yes,no
no,38,bluecollar,married,secondary,376,yes,no
no,43,bluecollar,divorced,secondary,370,yes,no
no,47,admin,single,secondary,594,yes,no
no,47,bluecollar,married,secondary,387,yes,no
no,38,services,married,secondary,208,yes,no
no,40,bluecollar,married,secondary,563,yes,no
no,33,services,divorced,secondary,392,yes,yes
no,33,retired,married,secondary,165,no,no
no,53,admin,divorced,unknown,236,yes,no
no,37,services,married,primary,52,yes,no
no,40,management,single,tertiary,1265,yes,no
no,37,bluecollar,married,primary,693,yes,no
no,35,technician,married,secondary,118,yes,no
no,49,bluecollar,married,primary,3659,yes,no
no,26,bluecollar,single,secondary,24,yes,no
no,38,management,single,tertiary,673,yes,no
no,52,selfemployed,married,secondary,273,no,no
no,33,services,divorced,secondary,327,yes,no
no,31,admin,single,secondary,299,yes,no
no,32,bluecollar,married,secondary,0,yes,no
no,35,bluecollar,single,primary,109,yes,no
no,55,management,divorced,tertiary,552,no,no
no,32,bluecollar,divorced,primary,473,yes,no
no,37,unknown,single,unknown,414,yes,no
no,45,bluecollar,married,secondary,154,yes,no
no,31,technician,married,secondary,344,yes,no
no,38,admin,married,secondary,8,yes,no
no,37,services,married,secondary,78,yes,no
no,38,bluecollar,married,secondary,266,yes,no
no,33,housemaid,married,tertiary,98,yes,yes
no,38,bluecollar,married,primary,83,yes,no
no,29,unemployed,married,tertiary,8,yes,no
no,42,management,married,tertiary,263,yes,no
no,40,bluecollar,married,secondary,306,yes,no
no,32,management,married,tertiary,233,yes,no
no,47,management,divorced,tertiary,447,no,yes
no,29,student,single,secondary,872,yes,no
no,53,services,divorced,primary,291,yes,yes
no,31,services,married,tertiary,309,yes,yes
no,59,bluecollar,married,secondary,202,yes,no
no,29,entrepreneur,married,primary,56,yes,yes
no,59,bluecollar,married,primary,229,yes,yes
no,44,bluecollar,married,primary,143,yes,no
no,38,admin,single,secondary,100,yes,no
no,49,admin,married,secondary,326,yes,no
no,43,bluecollar,married,secondary,167,yes,no
no,52,admin,single,secondary,545,yes,no
no,40,admin,married,secondary,2100,yes,yes
no,32,services,married,secondary,0,yes,yes
no,47,admin,married,primary,192,yes,no
no,33,management,married,tertiary,442,yes,no
no,35,management,married,tertiary,267,yes,no
no,27,services,single,secondary,0,yes,no
no,50,bluecollar,married,primary,377,yes,no
no,44,retired,married,secondary,7624,no,no
no,43,selfemployed,married,primary,66,yes,no
no,51,bluecollar,married,unknown,37,yes,no
no,32,admin,single,secondary,64,yes,no
no,47,management,divorced,tertiary,34,yes,no
no,34,admin,divorced,secondary,627,yes,no
no,57,selfemployed,married,primary,1013,yes,no
no,43,admin,single,secondary,140,yes,no
no,40,services,single,tertiary,8823,yes,no
no,28,bluecollar,single,secondary,97,yes,no
no,38,bluecollar,married,unknown,5,yes,no
no,37,unemployed,divorced,secondary,74,yes,no
no,44,admin,married,secondary,58544,yes,no
no,41,technician,married,secondary,169,yes,no
no,37,selfemployed,married,tertiary,444,yes,no
no,30,services,single,tertiary,542,yes,no
no,32,bluecollar,married,secondary,205,yes,no
no,30,management,single,tertiary,112,yes,no
no,35,services,married,secondary,39,no,no
no,55,bluecollar,married,secondary,1268,yes,no
no,52,bluecollar,married,secondary,98,yes,no
no,33,admin,married,secondary,44,yes,yes
no,55,retired,married,primary,90,yes,yes
no,33,bluecollar,married,secondary,0,no,no
no,54,bluecollar,married,secondary,932,yes,no
no,39,bluecollar,married,primary,20,yes,no
no,49,bluecollar,married,secondary,90,yes,no
no,52,admin,married,secondary,31,yes,no
no,27,management,single,tertiary,134,yes,yes
no,26,services,married,secondary,0,yes,no
no,40,bluecollar,married,secondary,61,yes,no
no,31,services,single,secondary,45,no,no
no,53,bluecollar,single,secondary,156,yes,yes
no,31,services,married,secondary,564,yes,no
no,33,admin,married,secondary,6,yes,no
no,35,services,married,secondary,528,no,no
no,46,entrepreneur,married,unknown,1481,yes,no
no,31,management,married,secondary,2019,no,no
no,35,technician,single,secondary,1855,yes,no
no,29,management,married,secondary,147,yes,yes
no,51,technician,married,secondary,220,yes,no
no,33,bluecollar,married,primary,198,yes,no
no,37,management,married,tertiary,115,no,no
no,43,admin,single,unknown,87,yes,no
no,42,technician,married,tertiary,644,yes,no
no,28,bluecollar,married,secondary,225,yes,yes
no,57,retired,married,secondary,502,yes,no
no,38,services,married,secondary,32,yes,no
no,39,bluecollar,married,primary,106,yes,no
no,36,technician,married,tertiary,301,yes,no
no,57,retired,married,tertiary,906,yes,no
no,44,management,married,unknown,187,yes,no
no,48,services,divorced,secondary,852,yes,yes
no,46,bluecollar,married,primary,143,yes,no
no,43,admin,married,secondary,71,no,no
no,49,services,married,secondary,1496,yes,no
no,29,services,single,secondary,703,yes,no
no,53,bluecollar,married,secondary,732,yes,no
no,30,services,single,secondary,21,yes,no
no,41,management,divorced,secondary,276,yes,no
no,33,technician,married,secondary,0,yes,no
no,47,bluecollar,married,primary,550,yes,no
no,58,retired,married,secondary,268,yes,no
no,31,unemployed,married,secondary,825,yes,no
no,38,admin,single,secondary,137,yes,yes
no,60,retired,married,secondary,42,yes,yes
no,33,management,single,tertiary,54,no,no
no,33,unemployed,single,tertiary,1716,yes,no
no,52,admin,married,primary,270,yes,no
no,42,bluecollar,married,primary,803,yes,no
no,30,technician,single,secondary,102,yes,no
no,33,entrepreneur,divorced,tertiary,188,yes,no
no,46,admin,divorced,secondary,207,yes,no
no,51,bluecollar,married,primary,1466,yes,no
no,40,unemployed,single,secondary,350,yes,no
no,50,admin,married,secondary,159,yes,no
no,42,entrepreneur,married,tertiary,157,yes,yes
no,38,technician,married,secondary,0,no,no
no,36,admin,single,primary,91,yes,no
no,37,unemployed,divorced,primary,849,yes,no
no,33,management,married,tertiary,436,yes,no
no,38,bluecollar,single,secondary,1,yes,no
no,52,bluecollar,married,tertiary,297,yes,no
no,29,bluecollar,married,secondary,313,yes,yes
no,37,bluecollar,married,primary,310,yes,no
no,34,admin,married,secondary,475,yes,no
no,43,bluecollar,married,primary,61,yes,no
no,49,services,married,secondary,1377,yes,no
no,33,technician,single,secondary,56,no,no
no,47,admin,married,unknown,0,yes,no
no,50,technician,married,secondary,73,no,no
no,30,bluecollar,single,primary,660,yes,no
no,44,services,married,primary,79,yes,no
no,44,bluecollar,divorced,secondary,558,yes,no
no,30,services,single,secondary,342,yes,no
no,40,bluecollar,married,unknown,4,yes,no
no,41,bluecollar,married,unknown,225,yes,no
no,34,bluecollar,married,primary,267,yes,no
no,53,services,married,primary,46,yes,no
no,35,bluecollar,married,primary,624,yes,no
no,34,technician,divorced,secondary,1107,yes,yes
no,39,admin,single,secondary,573,yes,no
no,39,management,single,tertiary,406,yes,no
no,52,services,divorced,secondary,220,yes,no
no,34,bluecollar,married,secondary,2308,yes,no
no,37,bluecollar,divorced,primary,139,yes,no
no,39,admin,married,secondary,367,yes,no
no,52,entrepreneur,divorced,primary,278,yes,no
no,35,bluecollar,married,primary,229,yes,no
yes,34,bluecollar,single,secondary,947,yes,no
yes,51,management,married,primary,57,yes,yes
yes,43,bluecollar,married,secondary,7,no,no
yes,26,bluecollar,married,secondary,20,yes,no
yes,33,bluecollar,married,primary,744,yes,no
yes,44,bluecollar,married,secondary,617,yes,no
yes,52,management,single,tertiary,0,no,no
yes,41,unemployed,married,primary,581,yes,no
yes,33,management,married,secondary,879,yes,no
yes,30,technician,married,unknown,315,yes,no
yes,35,management,married,tertiary,89,no,yes
yes,52,entrepreneur,married,tertiary,468,no,no
yes,45,bluecollar,married,secondary,605,yes,no
yes,32,management,married,tertiary,2,no,no
yes,25,bluecollar,single,secondary,220,no,no
yes,27,technician,single,secondary,0,no,yes
yes,33,entrepreneur,married,secondary,54,no,yes
yes,27,management,single,tertiary,0,no,yes
yes,26,services,single,secondary,74,no,no
yes,55,bluecollar,married,secondary,67,no,no
yes,35,selfemployed,married,tertiary,28,no,yes
yes,35,entrepreneur,single,tertiary,793,no,yes
yes,26,bluecollar,single,secondary,81,no,yes
yes,34,technician,single,secondary,2,no,yes
yes,31,admin,single,secondary,4,yes,yes
yes,52,technician,married,secondary,0,no,no
yes,42,bluecollar,married,secondary,29,no,yes
yes,27,admin,single,secondary,110,no,yes
yes,34,management,married,tertiary,38,no,no
yes,46,management,single,tertiary,344,no,no
yes,44,admin,married,secondary,204,yes,no
yes,53,bluecollar,married,secondary,20,yes,no
yes,35,services,married,secondary,182,yes,no
yes,28,management,single,tertiary,1414,yes,no
yes,34,technician,single,tertiary,33,yes,yes
yes,30,admin,single,unknown,1,no,no
yes,35,bluecollar,married,secondary,198,yes,no
yes,29,bluecollar,married,primary,43,yes,no
yes,33,technician,divorced,secondary,305,no,yes
yes,32,bluecollar,married,secondary,1,yes,no
yes,46,technician,single,secondary,1124,yes,yes
yes,28,management,single,unknown,101,yes,no
yes,34,bluecollar,married,secondary,331,yes,yes
yes,38,technician,married,secondary,9,yes,no
yes,57,selfemployed,married,tertiary,3313,yes,yes
yes,29,admin,single,secondary,228,yes,no
yes,31,services,single,secondary,68,yes,no
yes,56,admin,divorced,secondary,435,yes,yes
yes,37,admin,married,secondary,0,no,no
yes,54,management,married,tertiary,153,no,no
yes,53,technician,divorced,secondary,896,no,yes
yes,37,technician,single,secondary,375,no,no
yes,34,bluecollar,married,secondary,1,yes,no
yes,59,retired,married,unknown,114,no,yes
yes,29,admin,divorced,tertiary,0,no,yes
yes,46,technician,married,secondary,4,no,yes
yes,38,management,married,tertiary,327,yes,yes
yes,56,bluecollar,married,primary,160,no,no
yes,47,bluecollar,single,secondary,380,no,no
yes,32,admin,single,secondary,17,no,no
yes,33,bluecollar,married,primary,2,yes,yes
yes,35,unemployed,single,primary,84,no,no
yes,48,management,married,tertiary,0,no,yes
yes,44,unemployed,married,primary,43,yes,no
yes,34,bluecollar,single,primary,81,no,yes
yes,38,entrepreneur,married,secondary,15,yes,no
yes,28,bluecollar,single,secondary,0,no,yes
yes,41,bluecollar,married,primary,76,no,yes
yes,43,selfemployed,married,secondary,1415,no,no
yes,35,bluecollar,divorced,primary,0,yes,no
yes,29,technician,single,secondary,33,no,yes
yes,37,bluecollar,divorced,secondary,54,yes,no
yes,46,bluecollar,married,secondary,319,no,yes
yes,37,unemployed,single,tertiary,0,yes,no
yes,50,services,married,secondary,892,yes,no
yes,52,bluecollar,single,tertiary,517,no,yes
yes,38,selfemployed,single,secondary,0,no,no
yes,42,housemaid,married,primary,16,no,no
yes,31,bluecollar,single,secondary,9,yes,yes
yes,38,bluecollar,married,secondary,10,no,no
yes,51,entrepreneur,single,tertiary,15,no,no
yes,37,bluecollar,married,primary,142,no,no
yes,34,bluecollar,married,secondary,745,yes,yes
yes,44,services,married,secondary,146,yes,no
yes,31,services,single,primary,357,yes,yes
yes,44,management,married,secondary,0,yes,no
yes,46,technician,divorced,secondary,11,no,no
yes,40,technician,married,secondary,32,yes,no
yes,37,technician,married,tertiary,681,yes,yes
yes,35,management,single,tertiary,1980,yes,yes
yes,59,retired,married,primary,13,no,no
yes,31,management,single,secondary,0,no,no
yes,43,selfemployed,married,tertiary,310,yes,no
yes,56,management,married,primary,255,yes,no
yes,57,entrepreneur,divorced,secondary,25,yes,no
yes,54,entrepreneur,married,secondary,401,yes,no
yes,31,selfemployed,married,tertiary,147,yes,no
yes,30,management,divorced,tertiary,1105,yes,no
yes,51,management,single,tertiary,55,yes,no
yes,36,bluecollar,divorced,primary,0,yes,no
yes,42,bluecollar,married,secondary,204,yes,no
yes,53,unemployed,married,secondary,233,yes,no
yes,48,services,single,secondary,470,yes,no
yes,49,admin,married,secondary,15,no,no
yes,49,management,divorced,tertiary,0,yes,no
yes,51,bluecollar,married,primary,283,yes,no
yes,26,management,divorced,tertiary,402,no,yes
yes,28,bluecollar,single,secondary,871,yes,no
yes,30,bluecollar,single,unknown,149,yes,yes
yes,31,entrepreneur,single,tertiary,37,yes,no
yes,47,entrepreneur,married,unknown,1445,yes,no
yes,26,bluecollar,single,secondary,23,yes,no
yes,32,admin,divorced,secondary,18,yes,no
yes,28,unemployed,single,secondary,353,yes,no
yes,57,bluecollar,married,primary,0,yes,no
yes,49,entrepreneur,married,secondary,178,no,yes
yes,37,technician,married,secondary,693,no,no
yes,24,bluecollar,single,secondary,203,yes,no
yes,42,technician,single,secondary,0,no,yes
yes,31,management,married,tertiary,253,no,no
yes,33,technician,single,secondary,329,no,no
yes,30,technician,single,tertiary,23,no,no
yes,36,technician,single,secondary,12,no,no
yes,46,management,divorced,secondary,2,no,no
yes,39,services,divorced,secondary,96,yes,yes
yes,26,admin,divorced,secondary,3,yes,no
yes,32,unemployed,married,secondary,2,yes,no
yes,32,management,single,tertiary,3,yes,no
yes,41,bluecollar,divorced,primary,210,yes,no
yes,24,services,single,secondary,122,yes,no
yes,47,retired,married,primary,13,no,no
yes,30,services,married,secondary,846,yes,no
yes,53,management,married,secondary,689,yes,no
yes,27,bluecollar,married,primary,588,no,no
yes,25,services,single,secondary,57,yes,yes
yes,45,admin,married,secondary,571,no,no
yes,31,entrepreneur,single,tertiary,405,yes,yes
yes,59,management,married,tertiary,782,no,yes
yes,42,unemployed,married,primary,581,yes,no
yes,28,bluecollar,single,secondary,2,yes,yes
yes,28,housemaid,married,secondary,65,yes,yes
yes,36,bluecollar,single,secondary,1157,yes,no
yes,45,management,divorced,tertiary,946,yes,no
yes,45,unemployed,divorced,primary,11,no,no
yes,25,technician,single,tertiary,160,no,yes
yes,25,admin,single,secondary,53,yes,no
yes,27,bluecollar,single,secondary,2,yes,yes
yes,30,bluecollar,single,secondary,447,no,no
yes,39,technician,married,secondary,183,yes,no
yes,42,admin,married,secondary,1300,no,no
yes,41,services,divorced,secondary,198,no,yes
yes,37,technician,married,tertiary,0,yes,no
yes,50,admin,divorced,secondary,500,yes,no
yes,34,bluecollar,single,secondary,115,yes,no
yes,30,admin,single,secondary,35,yes,no
yes,43,technician,divorced,secondary,73,yes,no
yes,33,bluecollar,married,secondary,406,yes,yes
yes,52,bluecollar,single,primary,2,no,no
yes,59,retired,single,secondary,341,no,yes
yes,27,admin,married,secondary,517,yes,no
yes,27,housemaid,married,primary,238,no,no
yes,31,management,married,tertiary,0,no,no
yes,41,technician,married,secondary,1,no,no
yes,34,technician,single,secondary,14,no,no
yes,30,technician,single,secondary,305,no,yes
yes,58,retired,divorced,secondary,397,no,yes
yes,45,bluecollar,single,secondary,0,yes,no
yes,26,admin,single,secondary,930,yes,no
yes,32,bluecollar,single,secondary,575,yes,no
yes,48,bluecollar,married,primary,50,yes,no
yes,71,retired,divorced,tertiary,1236,yes,no
yes,50,management,married,tertiary,143,yes,no
yes,47,bluecollar,married,primary,1385,yes,yes
yes,41,bluecollar,married,secondary,204,yes,no
yes,36,unemployed,married,secondary,318,yes,no
yes,34,management,married,unknown,353,yes,no
yes,55,management,married,unknown,171,yes,no
yes,33,management,single,secondary,174,yes,no
yes,52,entrepreneur,married,secondary,36,no,yes
yes,26,services,married,secondary,27,yes,no
yes,60,management,divorced,tertiary,20,no,yes
yes,36,services,divorced,secondary,0,no,yes
yes,45,bluecollar,single,primary,183,no,yes
yes,47,unemployed,divorced,secondary,342,yes,no
yes,27,services,single,tertiary,152,yes,yes
yes,30,technician,single,secondary,28,yes,no
yes,48,management,married,tertiary,13,yes,no
yes,39,bluecollar,divorced,secondary,202,yes,yes
yes,30,admin,single,secondary,228,yes,no
yes,39,entrepreneur,married,tertiary,172,yes,no
yes,26,services,single,secondary,162,yes,no
yes,57,retired,married,secondary,32,yes,no
yes,35,management,married,tertiary,10,yes,no
yes,44,housemaid,married,primary,972,yes,yes
yes,57,entrepreneur,married,tertiary,524,yes,no
yes,27,management,single,tertiary,308,yes,no
yes,49,bluecollar,divorced,secondary,259,no,no
yes,42,bluecollar,married,primary,398,yes,no
yes,27,management,single,tertiary,0,yes,no
yes,48,bluecollar,divorced,secondary,296,no,yes
yes,59,bluecollar,married,secondary,918,yes,no
yes,39,management,married,tertiary,47,no,no
yes,47,technician,married,tertiary,813,yes,yes
yes,36,housemaid,married,tertiary,1941,yes,no
yes,53,technician,single,secondary,435,yes,yes
yes,45,bluecollar,single,secondary,0,no,yes
yes,32,technician,single,secondary,0,no,yes
yes,28,admin,married,secondary,105,no,no
yes,39,entrepreneur,married,secondary,0,no,no
yes,54,bluecollar,married,secondary,381,yes,yes
yes,26,admin,single,secondary,0,yes,no
yes,39,management,married,tertiary,1586,yes,yes
yes,31,services,married,secondary,455,no,yes
yes,31,management,married,tertiary,1038,yes,no
yes,32,bluecollar,married,secondary,53,yes,no
yes,50,admin,married,secondary,437,yes,yes
yes,35,admin,married,secondary,76,no,yes
yes,45,housemaid,married,primary,0,no,yes
yes,37,management,single,tertiary,25,no,no
yes,37,admin,divorced,secondary,302,no,no
yes,36,bluecollar,married,secondary,0,no,yes
yes,29,admin,single,secondary,95,yes,no
yes,37,management,married,secondary,33,no,yes
yes,37,selfemployed,married,secondary,0,yes,no
yes,27,housemaid,married,secondary,65,yes,yes
yes,26,student,single,tertiary,47,no,yes
yes,38,services,married,primary,1,yes,no
yes,37,management,married,tertiary,0,no,no
yes,37,management,married,tertiary,0,no,no
yes,54,management,married,secondary,5249,yes,no
yes,48,technician,married,secondary,295,no,yes
yes,57,management,married,tertiary,24,yes,no
yes,53,retired,single,secondary,741,yes,yes
yes,41,selfemployed,married,secondary,0,yes,no
yes,37,services,married,secondary,954,yes,no
yes,36,management,single,tertiary,508,yes,no
yes,36,technician,single,secondary,487,yes,no
yes,33,bluecollar,divorced,unknown,274,yes,yes
yes,34,management,married,secondary,879,yes,no
yes,37,bluecollar,divorced,secondary,689,no,no
yes,37,technician,married,secondary,0,no,no
yes,48,management,married,tertiary,0,no,yes
yes,45,services,married,secondary,144,no,no
yes,43,management,single,secondary,1164,yes,yes
yes,56,bluecollar,divorced,primary,1,no,no
yes,29,services,single,secondary,308,no,no
yes,29,bluecollar,married,secondary,643,yes,no
yes,31,technician,married,secondary,367,yes,no
yes,59,retired,married,secondary,2,no,yes
yes,29,entrepreneur,married,secondary,388,yes,no
yes,30,services,single,secondary,366,yes,no
yes,29,technician,single,secondary,28,yes,no
yes,27,selfemployed,single,tertiary,5,no,yes
yes,31,admin,single,secondary,429,no,yes
yes,37,housemaid,married,secondary,205,no,yes
yes,50,management,married,tertiary,161,no,yes
yes,26,technician,single,secondary,454,no,yes
yes,57,management,married,tertiary,1218,yes,no
yes,38,admin,single,secondary,61,no,yes
yes,45,bluecollar,married,primary,153,no,yes
yes,51,management,single,tertiary,55,yes,no
yes,33,management,single,tertiary,5,no,no
yes,46,bluecollar,married,tertiary,388,no,no
yes,33,management,divorced,tertiary,280,no,yes
yes,51,entrepreneur,married,tertiary,4,yes,no
yes,38,entrepreneur,single,tertiary,0,yes,no
yes,49,management,married,tertiary,24,no,no
yes,30,technician,single,secondary,305,no,yes
yes,37,selfemployed,divorced,tertiary,353,yes,yes
yes,43,technician,single,secondary,685,yes,no
yes,35,admin,married,secondary,0,yes,yes
yes,42,management,single,tertiary,130,yes,yes
yes,34,entrepreneur,single,tertiary,1709,no,yes
yes,46,technician,divorced,secondary,1361,yes,yes
yes,47,unemployed,married,secondary,0,no,no
yes,49,bluecollar,single,primary,2604,yes,no
yes,38,management,married,tertiary,540,no,no
yes,54,management,married,tertiary,0,no,yes
yes,52,entrepreneur,married,tertiary,2,no,no
yes,31,management,single,secondary,0,no,no
yes,42,services,married,secondary,129,no,no
yes,33,technician,divorced,secondary,10,yes,yes
yes,46,management,single,secondary,177,no,no
yes,48,management,married,secondary,998,yes,no
yes,23,student,married,tertiary,230,yes,no
yes,24,technician,single,secondary,1329,yes,no
yes,26,management,single,tertiary,130,yes,no
yes,32,services,single,secondary,687,yes,no
yes,38,entrepreneur,single,tertiary,38,yes,no
yes,32,admin,divorced,secondary,5,yes,yes
yes,24,services,single,secondary,1414,yes,yes
yes,44,entrepreneur,married,secondary,848,yes,no
yes,44,admin,married,secondary,1249,yes,yes
yes,27,management,single,tertiary,0,yes,no
yes,27,bluecollar,single,secondary,3,yes,no
yes,53,admin,married,tertiary,6,no,no
yes,38,management,married,tertiary,1007,yes,yes
yes,56,retired,married,secondary,101,no,yes
yes,40,entrepreneur,married,tertiary,0,no,no
yes,42,management,divorced,secondary,923,yes,no
yes,60,retired,married,secondary,0,no,no
yes,39,management,single,tertiary,401,yes,no
yes,33,technician,married,secondary,18,no,yes
yes,53,bluecollar,married,secondary,634,no,no
yes,31,technician,divorced,tertiary,1200,no,no
yes,48,technician,married,primary,530,no,yes
yes,37,technician,divorced,secondary,0,no,yes
yes,35,unemployed,single,secondary,126,no,no
yes,36,management,married,tertiary,485,yes,no
yes,30,bluecollar,single,secondary,447,no,no
yes,41,bluecollar,single,secondary,81,no,no
yes,33,management,married,tertiary,148,yes,yes
yes,48,retired,married,primary,285,no,yes
yes,49,technician,married,secondary,74,yes,no
yes,44,management,single,tertiary,12,yes,no
yes,41,entrepreneur,divorced,tertiary,0,yes,no
yes,33,unemployed,married,secondary,108,yes,yes
yes,56,selfemployed,married,tertiary,0,no,no
yes,32,technician,single,tertiary,0,no,no
yes,37,services,married,primary,483,yes,yes
yes,44,technician,married,secondary,16486,yes,yes
yes,30,unemployed,married,secondary,19,no,no
yes,35,technician,divorced,secondary,52,yes,no
yes,38,services,married,secondary,242,yes,yes
yes,43,bluecollar,married,primary,635,yes,no
yes,34,services,married,secondary,421,yes,no
yes,35,management,single,secondary,202,yes,no
yes,56,management,divorced,tertiary,1968,no,no
yes,48,selfemployed,divorced,secondary,7,no,no
yes,51,bluecollar,married,secondary,0,no,yes
yes,42,unknown,single,unknown,61,no,no
yes,43,bluecollar,divorced,unknown,1,no,no
yes,44,bluecollar,married,primary,0,no,yes
yes,30,bluecollar,divorced,secondary,457,yes,no
yes,41,management,married,secondary,771,no,yes
yes,42,admin,married,secondary,9,no,no
yes,39,entrepreneur,divorced,tertiary,251,no,no
yes,39,housemaid,divorced,secondary,127,no,no
yes,47,admin,married,secondary,57,no,yes
yes,50,entrepreneur,married,primary,537,yes,no
yes,37,entrepreneur,married,tertiary,456,yes,yes
yes,37,services,divorced,primary,475,no,no
yes,35,bluecollar,divorced,secondary,12,no,yes
yes,48,services,married,secondary,20,no,no
yes,33,technician,single,secondary,374,no,yes
yes,51,admin,married,unknown,12,no,no
yes,33,management,married,secondary,7,no,yes
yes,33,technician,married,tertiary,56,no,no
yes,46,services,married,secondary,130,no,no
yes,40,technician,married,secondary,432,yes,yes
yes,38,selfemployed,divorced,secondary,2,no,no
yes,33,admin,single,secondary,266,no,yes
yes,41,bluecollar,single,secondary,386,no,yes
yes,52,management,married,primary,57,yes,yes
yes,51,bluecollar,divorced,secondary,56,yes,yes
yes,50,management,married,secondary,421,no,no
yes,31,selfemployed,single,tertiary,282,yes,no
yes,49,bluecollar,married,primary,98,yes,no
yes,53,selfemployed,divorced,tertiary,10,no,no
yes,44,management,married,tertiary,53,yes,no
yes,42,admin,divorced,secondary,723,no,no
yes,34,entrepreneur,married,secondary,538,yes,no
yes,44,bluecollar,married,secondary,105,yes,no
yes,45,bluecollar,married,primary,443,yes,yes
yes,38,technician,divorced,tertiary,530,yes,no
yes,30,bluecollar,single,secondary,239,yes,no
yes,37,services,married,secondary,954,yes,no
yes,35,technician,married,secondary,29,yes,yes
yes,36,admin,divorced,secondary,491,yes,yes
yes,43,management,married,tertiary,0,no,no
yes,49,management,married,tertiary,6847,no,yes
yes,28,bluecollar,married,primary,124,yes,no
yes,54,housemaid,divorced,secondary,34,no,no
yes,26,housemaid,single,primary,1006,yes,yes
yes,37,selfemployed,married,secondary,0,no,yes
yes,42,technician,married,secondary,55,yes,no
yes,40,technician,single,secondary,96,no,yes
yes,38,admin,divorced,secondary,0,no,yes
yes,41,bluecollar,married,secondary,750,yes,yes
yes,38,services,married,secondary,433,yes,no
yes,34,housemaid,married,secondary,0,no,no
yes,32,selfemployed,married,secondary,9,no,no
yes,31,technician,single,tertiary,24,no,no
yes,46,management,married,tertiary,337,no,yes
yes,42,management,single,tertiary,0,no,yes
yes,50,services,divorced,secondary,210,no,yes
yes,46,management,married,tertiary,549,no,no
yes,46,management,married,tertiary,1001,yes,no
yes,33,bluecollar,married,primary,0,yes,no
yes,47,technician,married,tertiary,813,yes,yes
yes,31,entrepreneur,single,tertiary,405,yes,yes
yes,37,management,divorced,tertiary,26,no,yes
yes,35,unemployed,married,secondary,1054,yes,yes
yes,42,management,single,tertiary,0,yes,no
yes,32,unemployed,single,primary,0,no,no
yes,33,entrepreneur,single,secondary,1,yes,no
yes,45,management,married,secondary,237,yes,no
yes,35,management,married,tertiary,0,yes,yes
yes,36,entrepreneur,married,secondary,1,yes,no
yes,35,management,married,tertiary,32,yes,no
yes,39,management,married,tertiary,47,no,no
yes,49,management,married,tertiary,10,yes,no
yes,56,retired,married,secondary,1122,yes,yes
yes,34,management,married,tertiary,0,no,yes
yes,44,management,married,tertiary,0,yes,no
yes,31,services,married,secondary,29,no,no
yes,41,admin,single,secondary,0,no,yes
yes,31,services,married,secondary,158,yes,no
yes,45,retired,single,secondary,86,no,no
yes,36,bluecollar,married,tertiary,530,yes,no
yes,40,bluecollar,divorced,primary,0,yes,no
yes,51,technician,divorced,secondary,113,no,yes
yes,35,management,married,tertiary,8,yes,no
yes,43,bluecollar,married,primary,0,no,yes
yes,55,services,divorced,secondary,404,yes,no
yes,27,services,single,secondary,1,no,no
yes,26,services,single,secondary,0,no,yes
yes,34,bluecollar,married,secondary,7,yes,no
yes,33,technician,divorced,secondary,6,no,no
yes,47,management,married,secondary,0,no,yes
yes,34,technician,married,secondary,172,no,no
yes,44,management,divorced,tertiary,26,no,no
yes,50,management,married,tertiary,72,no,no
yes,59,management,divorced,tertiary,0,no,no
yes,32,bluecollar,married,secondary,98,no,yes
yes,40,bluecollar,married,primary,509,yes,no
yes,36,management,divorced,tertiary,1,yes,yes
yes,24,services,married,secondary,110,yes,no
yes,46,admin,single,unknown,0,no,no
yes,33,services,divorced,secondary,339,yes,no
yes,32,bluecollar,divorced,unknown,274,yes,yes
yes,43,entrepreneur,married,secondary,150,yes,yes
yes,34,bluecollar,single,secondary,369,yes,no
yes,40,services,single,secondary,306,yes,no
yes,30,bluecollar,single,secondary,4,yes,no
yes,33,bluecollar,married,secondary,2,no,no
yes,26,technician,single,secondary,516,yes,no
yes,27,bluecollar,single,secondary,27,no,no
yes,29,bluecollar,single,secondary,580,yes,no
yes,40,management,married,tertiary,1036,yes,yes
yes,31,management,married,secondary,0,no,yes
yes,49,admin,divorced,secondary,2405,yes,no
yes,35,management,married,secondary,550,no,yes
yes,29,bluecollar,married,unknown,163,yes,yes
yes,48,services,single,secondary,470,yes,no
yes,52,bluecollar,married,primary,0,no,no
yes,40,bluecollar,single,secondary,61,no,no
yes,28,services,single,secondary,7,no,yes
yes,36,management,divorced,tertiary,20,no,yes
yes,42,admin,divorced,secondary,0,no,no
yes,57,retired,divorced,primary,0,no,yes
yes,37,technician,married,secondary,0,no,yes
yes,24,unemployed,single,tertiary,164,yes,yes
yes,38,bluecollar,single,primary,129,yes,no
yes,53,management,married,tertiary,252,no,yes
yes,52,management,divorced,tertiary,0,no,no
yes,37,management,divorced,primary,0,yes,no
yes,41,bluecollar,married,secondary,720,no,yes
yes,34,technician,single,secondary,103,yes,yes
yes,45,management,married,tertiary,577,yes,yes
yes,30,management,single,secondary,985,no,no
yes,32,management,single,tertiary,62,no,yes
yes,35,technician,single,secondary,0,no,no
yes,32,services,married,secondary,220,yes,yes
yes,32,bluecollar,married,secondary,49,yes,no
yes,26,selfemployed,married,secondary,254,yes,yes
yes,57,entrepreneur,married,secondary,525,no,yes
yes,38,housemaid,married,primary,0,no,no
yes,33,services,married,secondary,319,yes,no
yes,31,bluecollar,single,secondary,535,yes,no
yes,26,entrepreneur,married,tertiary,144,no,yes
yes,59,housemaid,divorced,primary,0,no,yes
yes,31,services,single,secondary,21,no,yes
yes,58,entrepreneur,married,tertiary,0,no,yes
yes,34,entrepreneur,single,secondary,200,no,yes
yes,26,services,divorced,primary,2,yes,yes
yes,32,technician,married,secondary,4,yes,yes
yes,41,management,divorced,tertiary,68,yes,yes
yes,60,management,married,tertiary,311,no,no
yes,47,bluecollar,married,unknown,162,no,no
yes,37,technician,married,secondary,886,yes,no
yes,41,bluecollar,married,secondary,651,yes,yes
yes,51,housemaid,married,secondary,1013,yes,no
yes,43,admin,married,secondary,204,yes,no
yes,37,bluecollar,married,secondary,1147,yes,yes
yes,47,bluecollar,married,secondary,614,yes,no
yes,47,bluecollar,divorced,secondary,0,no,yes
yes,32,bluecollar,single,secondary,130,no,no
yes,44,management,married,tertiary,11,no,no
yes,45,management,married,tertiary,190,no,yes
yes,31,admin,married,secondary,51,no,yes
yes,30,management,married,secondary,471,yes,no
yes,32,management,single,tertiary,5,yes,no
yes,55,selfemployed,married,secondary,0,no,no
yes,36,technician,single,secondary,0,no,yes
yes,50,bluecollar,married,secondary,0,yes,no
yes,31,bluecollar,married,primary,0,yes,no
yes,32,bluecollar,married,secondary,238,yes,no
yes,23,bluecollar,single,primary,627,yes,yes
yes,27,bluecollar,single,secondary,87,yes,no
yes,36,services,single,secondary,455,no,no
yes,40,bluecollar,married,primary,56,yes,no
yes,32,bluecollar,married,primary,275,yes,yes
yes,26,bluecollar,married,primary,683,yes,yes
yes,32,services,married,secondary,684,yes,no
yes,25,entrepreneur,single,tertiary,6,yes,yes
yes,34,technician,married,secondary,34,yes,no
yes,49,technician,married,secondary,1680,yes,yes
yes,33,technician,single,secondary,173,no,no
yes,51,bluecollar,married,primary,17,no,no
yes,49,technician,married,secondary,410,no,no
yes,41,management,married,tertiary,852,yes,yes
yes,43,management,married,tertiary,0,no,no
yes,48,technician,divorced,secondary,20,no,no
yes,40,management,married,secondary,1545,no,no
yes,34,technician,single,tertiary,1,no,no
yes,40,selfemployed,married,secondary,2,no,no
yes,40,technician,married,secondary,4,no,no
yes,58,retired,married,primary,235,no,yes
yes,31,services,single,secondary,248,no,no
yes,32,technician,married,secondary,71,yes,no
yes,30,unemployed,single,secondary,770,yes,no
yes,31,technician,married,secondary,463,yes,no
yes,40,admin,married,secondary,279,yes,no
yes,29,technician,single,secondary,397,yes,no
yes,34,admin,single,secondary,7,no,no
yes,45,management,married,tertiary,1655,yes,no
yes,43,bluecollar,married,secondary,504,yes,no
yes,31,admin,married,unknown,310,yes,no
yes,33,admin,married,secondary,675,yes,no
yes,54,technician,married,tertiary,337,yes,no
yes,36,technician,married,secondary,947,yes,no
yes,39,bluecollar,married,secondary,931,yes,no
yes,36,bluecollar,married,secondary,347,yes,yes
yes,30,bluecollar,married,primary,0,yes,yes
yes,32,bluecollar,married,secondary,354,yes,yes
yes,51,entrepreneur,married,secondary,2082,no,yes
yes,47,bluecollar,divorced,primary,0,yes,no
yes,28,management,married,tertiary,84,no,yes
yes,51,selfemployed,married,secondary,206,no,yes
yes,31,management,single,secondary,20,yes,no
yes,39,admin,married,secondary,104,yes,no
yes,43,bluecollar,single,primary,69,no,yes
yes,40,management,married,tertiary,0,no,no
yes,26,bluecollar,single,secondary,685,yes,yes
yes,58,retired,married,secondary,146,no,yes
yes,56,retired,married,primary,123,no,yes
yes,53,services,married,secondary,2262,no,no
yes,53,housemaid,married,primary,42,no,no
yes,34,technician,single,tertiary,6,no,no
yes,47,services,married,unknown,0,no,no
yes,34,management,single,tertiary,621,no,no
yes,40,technician,married,secondary,0,no,no
yes,36,technician,married,tertiary,63,no,no
yes,35,technician,single,secondary,30,no,no
yes,55,technician,divorced,secondary,4,no,no
yes,33,bluecollar,married,secondary,354,yes,yes
yes,54,admin,married,secondary,1089,no,yes
yes,31,services,single,unknown,10,no,no
yes,27,student,single,primary,25,no,no
yes,39,entrepreneur,married,tertiary,1,yes,yes
yes,35,bluecollar,married,primary,1489,yes,yes
yes,48,management,divorced,tertiary,625,yes,no
yes,39,bluecollar,married,secondary,16,no,no
yes,43,management,married,tertiary,3372,yes,no
yes,39,admin,married,secondary,0,no,no
yes,36,bluecollar,married,primary,1168,yes,no
yes,60,retired,married,secondary,879,yes,yes
yes,26,bluecollar,single,primary,344,no,yes
yes,49,services,married,secondary,249,no,no
yes,40,admin,married,secondary,94,no,no
yes,51,management,married,tertiary,0,no,yes
yes,43,entrepreneur,married,tertiary,0,no,yes
yes,29,management,single,tertiary,1661,no,yes
yes,52,services,divorced,primary,1,no,yes
yes,32,technician,single,secondary,1,no,no
yes,33,technician,married,secondary,708,no,no
yes,34,technician,married,secondary,91,no,no
yes,41,admin,married,secondary,120,no,no
yes,37,technician,married,secondary,3,no,no
yes,43,technician,single,tertiary,0,no,no
yes,27,selfemployed,married,secondary,254,yes,yes
yes,53,bluecollar,married,primary,462,no,no
yes,32,management,single,tertiary,4,no,no
yes,37,management,married,tertiary,22,no,no
yes,26,management,divorced,tertiary,402,no,yes
yes,40,technician,single,secondary,45,no,yes
yes,53,housemaid,married,primary,945,no,no
yes,47,management,married,tertiary,337,no,yes
yes,35,technician,divorced,secondary,362,no,no
yes,27,bluecollar,single,secondary,81,no,yes
yes,48,unemployed,married,primary,6,no,no
yes,30,services,single,secondary,261,yes,no
yes,43,bluecollar,married,unknown,715,yes,no
yes,26,services,single,secondary,599,yes,yes
yes,43,bluecollar,married,primary,1202,no,no
yes,48,technician,married,secondary,0,no,no
yes,31,bluecollar,married,unknown,13,yes,no
yes,30,services,married,secondary,849,yes,no
yes,31,management,single,tertiary,365,yes,no
yes,34,entrepreneur,married,secondary,868,yes,no
yes,45,entrepreneur,married,secondary,624,no,yes
yes,44,admin,married,secondary,0,no,yes
yes,26,admin,single,secondary,42,no,yes
yes,47,bluecollar,divorced,secondary,535,yes,no
yes,46,management,married,secondary,333,no,yes
yes,44,unemployed,single,primary,4,no,yes
yes,49,entrepreneur,divorced,unknown,701,yes,no
yes,57,bluecollar,married,primary,195,no,yes
yes,41,services,married,unknown,1,no,yes
yes,38,technician,married,secondary,238,no,no
yes,51,technician,married,secondary,61,no,yes
yes,51,admin,married,secondary,160,no,yes
yes,40,admin,married,secondary,444,no,yes
yes,53,management,divorced,tertiary,0,yes,yes
yes,27,housemaid,single,secondary,319,no,yes
yes,30,management,single,tertiary,35,no,no
yes,26,services,married,secondary,13,yes,yes
yes,35,technician,married,secondary,1322,yes,no
yes,27,management,single,primary,13,no,no
yes,32,management,married,primary,1161,yes,yes
yes,54,housemaid,married,secondary,0,no,no
yes,38,technician,married,secondary,0,no,yes
yes,37,management,married,unknown,62,yes,no
yes,39,services,married,secondary,697,yes,no
yes,48,entrepreneur,married,tertiary,392,no,no
yes,43,technician,single,secondary,685,yes,no
yes,47,housemaid,married,secondary,1531,yes,no
yes,48,management,married,tertiary,0,yes,no
yes,50,services,married,secondary,0,no,no
yes,49,entrepreneur,divorced,primary,736,no,no
yes,40,technician,married,tertiary,2827,yes,yes
yes,41,management,married,tertiary,1176,yes,yes
yes,44,admin,single,unknown,612,yes,no
yes,44,technician,married,secondary,251,no,yes
yes,27,admin,single,secondary,1110,yes,yes
yes,49,unemployed,married,primary,11,yes,no
yes,43,management,single,primary,39,yes,no
yes,56,technician,married,tertiary,736,no,no
yes,28,unemployed,married,primary,44,yes,no
yes,29,management,married,tertiary,53,yes,no
